file	title	author	licence	url
music-fma-0098	“No Tears, No Rust” (by Quiet Music for Tiny Robots)	Quiet Music for Tiny Robots	CC BY 4.0	http://freemusicarchive.org/music/Quiet_Music_for_Tiny_Robots/The_February_Album
music-fma-0100	“Quiet” (by Quiet Music for Tiny Robots)	Quiet Music for Tiny Robots	CC BY 4.0	http://freemusicarchive.org/music/Quiet_Music_for_Tiny_Robots/The_February_Album
music-fma-0010		Arne Huseby	Stormy Blues by Arne Huseby is licensed under a Attribution 3.0 International License.	http://freemusicarchive.org/music/arnebhus/arnebhus_-_Singles/
music-fma-0011		Arne Huseby	Stormy Blues by Arne Huseby is licensed under a Attribution 3.0 International License.	http://freemusicarchive.org/music/arnebhus/arnebhus_-_Singles/
music-fma-0118		U.S. Army Blues	Live At Blues Alley by U.S. Army Blues is licensed under a Public Domain Mark 1.0 License.	http://freemusicarchive.org/music/US_Army_Blues/Live_At_Blues_Alley/
music-fma-0121		U.S. Army Blues	Live At Blues Alley by U.S. Army Blues is licensed under a Public Domain Mark 1.0 License.	http://freemusicarchive.org/music/US_Army_Blues/Live_At_Blues_Alley/
music-fma-0124		U.S. Army Blues	Live At Blues Alley by U.S. Army Blues is licensed under a Public Domain Mark 1.0 License.	http://freemusicarchive.org/music/US_Army_Blues/Live_At_Blues_Alley/
music-fma-0119		U.S. Army Blues	Live At Blues Alley by U.S. Army Blues is licensed under a Public Domain Mark 1.0 License.	http://freemusicarchive.org/music/US_Army_Blues/Live_At_Blues_Alley/
music-fma-0122		U.S. Army Blues	Live At Blues Alley by U.S. Army Blues is licensed under a Public Domain Mark 1.0 License.	http://freemusicarchive.org/music/US_Army_Blues/Live_At_Blues_Alley/
music-fma-0120		U.S. Army Blues	Live At Blues Alley by U.S. Army Blues is licensed under a Public Domain Mark 1.0 License.	http://freemusicarchive.org/music/US_Army_Blues/Live_At_Blues_Alley/
music-fma-0123		U.S. Army Blues	Live At Blues Alley by U.S. Army Blues is licensed under a Public Domain Mark 1.0 License.	http://freemusicarchive.org/music/US_Army_Blues/Live_At_Blues_Alley/
music-fma-0058	“ACOUSTIC BLUES” (by Jason Shaw)	Jason Shaw	Audionautix: Acoustic by Jason Shaw is licensed under a Attribution 3.0 United States License.	
music-fma-0059	“HOEDOWN” (by Jason Shaw)	Jason Shaw	Audionautix: Acoustic by Jason Shaw is licensed under a Attribution 3.0 United States License.	
music-fma-0060	“WORDS” (by Jason Shaw)	Jason Shaw	Audionautix: Acoustic by Jason Shaw is licensed under a Attribution 3.0 United States License.	
music-fma-0000	“Electrifying Landscape” (by Airglow)	Airglow	Memory Bank by Airglow is licensed under a Attribution License.	http://freemusicarchive.org/music/Airglow/Memory_Bank
music-fma-0002	“Far Apart” (by Airglow)	Airglow	Memory Bank by Airglow is licensed under a Attribution License.	http://freemusicarchive.org/music/Airglow/Memory_Bank
music-fma-0004	“Cepheid Disk” (by Airglow)	Airglow	Memory Bank by Airglow is licensed under a Attribution License.	http://freemusicarchive.org/music/Airglow/Memory_Bank
music-fma-0001	“Blueshift” (by Airglow)	Airglow	Memory Bank by Airglow is licensed under a Attribution License.	http://freemusicarchive.org/music/Airglow/Memory_Bank
music-fma-0005		Airglow	Memory Bank by Airglow is licensed under a Attribution License.	http://freemusicarchive.org/music/Airglow/Memory_Bank
music-fma-0072	“Can't Take Our Love Away” (by Josh Woodward)	Josh Woodward	Crawford Street by Josh Woodward is licensed under a Attribution License.	http://freemusicarchive.org/music/Josh_Woodward/Crawford_Street
music-fma-0029	“Higekitekina (悲劇的な)” (by Fabian Measures)	Fabian Measures	Emotion Music by Fabian Measures is licensed under a Attribution License.	http://freemusicarchive.org/music/Fabian_Measures/Emotion_Music
music-fma-0031	“Subtle Library” (by Fabian Measures)	Fabian Measures	Emotion Music by Fabian Measures is licensed under a Attribution License.	http://freemusicarchive.org/music/Fabian_Measures/Emotion_Music
music-fma-0033	“Hanami (花見)” (by Fabian Measures)	Fabian Measures	Emotion Music by Fabian Measures is licensed under a Attribution License.	http://freemusicarchive.org/music/Fabian_Measures/Emotion_Music
music-fma-0030	“Melody of The Strings” (by Fabian Measures)	Fabian Measures	Emotion Music by Fabian Measures is licensed under a Attribution License.	http://freemusicarchive.org/music/Fabian_Measures/Emotion_Music
music-fma-0032		Fabian Measures	Emotion Music by Fabian Measures is licensed under a Attribution License.	http://freemusicarchive.org/music/Fabian_Measures/Emotion_Music
music-fma-0101	“Ants” (by Rolemusic)	Rolemusic	Pop Singles Compilation 2014 by Rolemusic is licensed under a Attribution License.	http://freemusicarchive.org/music/Rolemusic/Pop_Singles_Compilation_2014
music-fma-0102	“Python” (by Rolemusic)	Rolemusic	Pop Singles Compilation 2014 by Rolemusic is licensed under a Attribution License.	http://freemusicarchive.org/music/Rolemusic/Pop_Singles_Compilation_2014
music-fma-0103		Rolemusic	Pop Singles Compilation 2014 by Rolemusic is licensed under a Attribution License.	http://freemusicarchive.org/music/Rolemusic/Pop_Singles_Compilation_2014
music-fma-0038	“Spiderman works for US postal” (by Factory Sounds)	Factory Sounds	baby boys' summer by Factory Sounds is licensed under a Attribution License.	http://freemusicarchive.org/music/Factory_Sounds/baby_boys_summer_1411
music-fma-0034	“The Titular Jam” (by Factory Sounds)	Factory Sounds	baby boys' summer by Factory Sounds is licensed under a Attribution License.	http://freemusicarchive.org/music/Factory_Sounds/baby_boys_summer_1411
music-fma-0039	“Dookage Storm” (by Factory Sounds)	Factory Sounds	baby boys' summer by Factory Sounds is licensed under a Attribution License.	http://freemusicarchive.org/music/Factory_Sounds/baby_boys_summer_1411
music-fma-0035	“.May Again” (by Factory Sounds)	Factory Sounds	baby boys' summer by Factory Sounds is licensed under a Attribution License.	http://freemusicarchive.org/music/Factory_Sounds/baby_boys_summer_1411
music-fma-0040	“Brush the sCrufF off” (by Factory Sounds)	Factory Sounds	baby boys' summer by Factory Sounds is licensed under a Attribution License.	http://freemusicarchive.org/music/Factory_Sounds/baby_boys_summer_1411
music-fma-0036	“Modulative” (by Factory Sounds)	Factory Sounds	baby boys' summer by Factory Sounds is licensed under a Attribution License.	http://freemusicarchive.org/music/Factory_Sounds/baby_boys_summer_1411
music-fma-0041	“Fox News Encounters logistics” (by Factory Sounds)	Factory Sounds	baby boys' summer by Factory Sounds is licensed under a Attribution License.	http://freemusicarchive.org/music/Factory_Sounds/baby_boys_summer_1411
music-fma-0037		Factory Sounds	baby boys' summer by Factory Sounds is licensed under a Attribution License.	http://freemusicarchive.org/music/Factory_Sounds/baby_boys_summer_1411
music-fma-0115	“My Love” (by Tricky Diesel)	Tricky Diesel	Give Me a Beat by Tricky Diesel is licensed under a Creative Commons Attribution License.	http://freemusicarchive.org/music/Tricky_Diesel/Give_Me_a_Beat
music-fma-0117	“Heat” (by Tricky Diesel)	Tricky Diesel	Give Me a Beat by Tricky Diesel is licensed under a Creative Commons Attribution License.	http://freemusicarchive.org/music/Tricky_Diesel/Give_Me_a_Beat
music-fma-0114	“Freestyle Joint” (by Tricky Diesel)	Tricky Diesel	Give Me a Beat by Tricky Diesel is licensed under a Creative Commons Attribution License.	http://freemusicarchive.org/music/Tricky_Diesel/Give_Me_a_Beat
music-fma-wa-0072		Skidmore College Orchestra	Mussorgsky's Pictures at an Exhibition by Skidmore College Orchestra is licensed under a Public Domain License.	http://freemusicarchive.org/music/Skidmore_College_Orchestra/Mussorgskys_Pictures_at_an_Exhibition/
music-fma-wa-0074		Skidmore College Orchestra	Mussorgsky's Pictures at an Exhibition by Skidmore College Orchestra is licensed under a Public Domain License.	http://freemusicarchive.org/music/Skidmore_College_Orchestra/Mussorgskys_Pictures_at_an_Exhibition/
music-fma-wa-0075		Skidmore College Orchestra	Mussorgsky's Pictures at an Exhibition by Skidmore College Orchestra is licensed under a Public Domain License.	http://freemusicarchive.org/music/Skidmore_College_Orchestra/Mussorgskys_Pictures_at_an_Exhibition/
music-fma-wa-0076		Skidmore College Orchestra	Mussorgsky's Pictures at an Exhibition by Skidmore College Orchestra is licensed under a Public Domain License.	http://freemusicarchive.org/music/Skidmore_College_Orchestra/Mussorgskys_Pictures_at_an_Exhibition/
music-fma-wa-0077		Skidmore College Orchestra	Mussorgsky's Pictures at an Exhibition by Skidmore College Orchestra is licensed under a Public Domain License.	http://freemusicarchive.org/music/Skidmore_College_Orchestra/Mussorgskys_Pictures_at_an_Exhibition/
music-fma-wa-0079		Skidmore College Orchestra	Mussorgsky's Pictures at an Exhibition by Skidmore College Orchestra is licensed under a Public Domain License.	http://freemusicarchive.org/music/Skidmore_College_Orchestra/Mussorgskys_Pictures_at_an_Exhibition/
music-fma-wa-0081		Skidmore College Orchestra	Mussorgsky's Pictures at an Exhibition by Skidmore College Orchestra is licensed under a Public Domain License.	http://freemusicarchive.org/music/Skidmore_College_Orchestra/Mussorgskys_Pictures_at_an_Exhibition/
music-fma-wa-0082		Skidmore College Orchestra	Mussorgsky's Pictures at an Exhibition by Skidmore College Orchestra is licensed under a Public Domain License.	http://freemusicarchive.org/music/Skidmore_College_Orchestra/Mussorgskys_Pictures_at_an_Exhibition/
music-fma-wa-0044		Jason Weinberger & wcfsymphony	wcfsymphony In Concert by Jason Weinberger & wcfsymphony is licensed under a Creative Commons Attribution License.	http://freemusicarchive.org/music/Jason_Weinberger__the_WCFSO/Jason_Weinberger__the_Waterloo-Cedar_Falls_Symphony_Orchestra/
music-fma-wa-0046		Jason Weinberger & wcfsymphony	wcfsymphony In Concert by Jason Weinberger & wcfsymphony is licensed under a Creative Commons Attribution License.	http://freemusicarchive.org/music/Jason_Weinberger__the_WCFSO/Jason_Weinberger__the_Waterloo-Cedar_Falls_Symphony_Orchestra/
music-fma-wa-0056		Kevin MacLeod	Classical Sampler by Kevin MacLeod is licensed under a Creative Commons Attribution License.	http://freemusicarchive.org/music/Kevin_MacLeod/Classical_Sampler
music-fma-wa-0063		Kevin MacLeod	Classical Sampler by Kevin MacLeod is licensed under a Creative Commons Attribution License.	http://freemusicarchive.org/music/Kevin_MacLeod/Classical_Sampler
music-fma-wa-0055		Kevin MacLeod	Classical Sampler by Kevin MacLeod is licensed under a Creative Commons Attribution License.	http://freemusicarchive.org/music/Kevin_MacLeod/Classical_Sampler
music-fma-wa-0064		Kevin MacLeod	Classical Sampler by Kevin MacLeod is licensed under a Creative Commons Attribution License.	http://freemusicarchive.org/music/Kevin_MacLeod/Classical_Sampler
music-fma-wa-0057		Kevin MacLeod	Classical Sampler by Kevin MacLeod is licensed under a Creative Commons Attribution License.	http://freemusicarchive.org/music/Kevin_MacLeod/Classical_Sampler
music-fma-wa-0058		Kevin MacLeod	Classical Sampler by Kevin MacLeod is licensed under a Creative Commons Attribution License.	http://freemusicarchive.org/music/Kevin_MacLeod/Classical_Sampler
music-fma-wa-0066		Kevin MacLeod	Classical Sampler by Kevin MacLeod is licensed under a Creative Commons Attribution License.	http://freemusicarchive.org/music/Kevin_MacLeod/Classical_Sampler
music-fma-wa-0059		Kevin MacLeod	Classical Sampler by Kevin MacLeod is licensed under a Creative Commons Attribution License.	http://freemusicarchive.org/music/Kevin_MacLeod/Classical_Sampler
music-fma-wa-0067		Kevin MacLeod	Classical Sampler by Kevin MacLeod is licensed under a Creative Commons Attribution License.	http://freemusicarchive.org/music/Kevin_MacLeod/Classical_Sampler
music-fma-wa-0060		Kevin MacLeod	Classical Sampler by Kevin MacLeod is licensed under a Creative Commons Attribution License.	http://freemusicarchive.org/music/Kevin_MacLeod/Classical_Sampler
music-fma-wa-0068		Kevin MacLeod	Classical Sampler by Kevin MacLeod is licensed under a Creative Commons Attribution License.	http://freemusicarchive.org/music/Kevin_MacLeod/Classical_Sampler
music-fma-wa-0061		Kevin MacLeod	Classical Sampler by Kevin MacLeod is licensed under a Creative Commons Attribution License.	http://freemusicarchive.org/music/Kevin_MacLeod/Classical_Sampler
music-fma-wa-0070		Kevin MacLeod	Classical Sampler by Kevin MacLeod is licensed under a Creative Commons Attribution License.	http://freemusicarchive.org/music/Kevin_MacLeod/Classical_Sampler
music-fma-wa-0062		Kevin MacLeod	Classical Sampler by Kevin MacLeod is licensed under a Creative Commons Attribution License.	http://freemusicarchive.org/music/Kevin_MacLeod/Classical_Sampler
music-fma-wa-0069		Kevin MacLeod	Classical Sampler by Kevin MacLeod is licensed under a Creative Commons Attribution License.	http://freemusicarchive.org/music/Kevin_MacLeod/Classical_Sampler
music-fma-wa-0033		Daniel Veesey	Beethoven's Sonata No. 1 In F Minor by Daniel Veesey is licensed under a Public Domain License.	http://freemusicarchive.org/music/Daniel_Veesey/
music-fma-wa-0035		Daniel Veesey	Beethoven's Sonata No. 1 In F Minor by Daniel Veesey is licensed under a Public Domain License.	http://freemusicarchive.org/music/Daniel_Veesey/
music-fma-wa-0037		Daniel Veesey	Beethoven's Sonata No. 1 In F Minor by Daniel Veesey is licensed under a Public Domain License.	http://freemusicarchive.org/music/Daniel_Veesey/
music-fma-wa-0039		Daniel Veesey	Beethoven's Sonata No. 1 In F Minor by Daniel Veesey is licensed under a Public Domain License.	http://freemusicarchive.org/music/Daniel_Veesey/
music-fma-wa-0032		Daniel Veesey	Beethoven's Sonata No. 1 In F Minor by Daniel Veesey is licensed under a Public Domain License.	http://freemusicarchive.org/music/Daniel_Veesey/
music-fma-wa-0034		Daniel Veesey	Beethoven's Sonata No. 1 In F Minor by Daniel Veesey is licensed under a Public Domain License.	http://freemusicarchive.org/music/Daniel_Veesey/
music-fma-wa-0036		Daniel Veesey	Beethoven's Sonata No. 1 In F Minor by Daniel Veesey is licensed under a Public Domain License.	http://freemusicarchive.org/music/Daniel_Veesey/
music-fma-wa-0042		Daniel Veesey	Beethoven's Sonata No. 1 In F Minor by Daniel Veesey is licensed under a Public Domain License.	http://freemusicarchive.org/music/Daniel_Veesey/
music-fma-wa-0041		Daniel Veesey	Beethoven's Sonata No. 1 In F Minor by Daniel Veesey is licensed under a Public Domain License.	http://freemusicarchive.org/music/Daniel_Veesey/
music-fma-wa-0043		Daniel Veesey	Beethoven's Sonata No. 1 In F Minor by Daniel Veesey is licensed under a Public Domain License.	http://freemusicarchive.org/music/Daniel_Veesey/
music-fma-wa-0040		Daniel Veesey	Beethoven's Sonata No. 1 In F Minor by Daniel Veesey is licensed under a Public Domain License.	http://freemusicarchive.org/music/Daniel_Veesey/
music-fma-wa-0002		Aaron Dunn	Muzio Clementi's Sonatina No. 1 in C Major by Aaron Dunn is licensed under a Public Domain License.	http://freemusicarchive.org/music/Aaron_Dunn/Muzio_Clementis_Sonatina_No_1_in_C_Major
music-fma-wa-0031		Brendan Kinsella	Mozart's Piano Sonata in B-flat Major by Brendan Kinsella is licensed under a Public Domain License.	http://freemusicarchive.org/music/Brendan_Kinsella/Mozarts_Sonata_No_13_in_B-flat_Major/
music-hd-0039	Gymnopedie No. 1	Kevin MacLoad	CC BY 3.0	http://www.hdclassicalmusic.com/listen/?id_song=512
music-hd-0041	Browning - Elway Bevin		Public Domain	http://www.hdclassicalmusic.com/listen/?id_song=570
music-hd-0044	Composer:Peter Philips		Public Domain	http://www.hdclassicalmusic.com/listen/?id_song=578
music-hd-0043	O' Rosetta - Claudio Monteverdi		Public Domain	http://www.hdclassicalmusic.com/listen/?id_song=577
music-hd-0052	Composer:Johann Sebastian Bach		Public Domain	http://www.hdclassicalmusic.com/listen/?id_song=6
music-hd-0047	Blute nur, St. Matthew Passion - Bach (Guitar)		Public Domain	http://www.hdclassicalmusic.com/browse/?by=performer&id_performer=149
music-hd-0046	Ich will dir mein herze, St Matthew Passion - Bach (Guitar)		Public Domain	http://www.hdclassicalmusic.com/browse/?by=performer&id_performer=149
music-hd-0040	Aufzug - Entry Dance from "The Fairy Queen" (Henry Purcell)		Public Domain	http://www.hdclassicalmusic.com/browse/?by=performer&id_performer=149
music-hd-0042	Hornpipe from the Faerie Queene - Purcell		Public Domain	http://www.hdclassicalmusic.com/browse/?by=performer&id_performer=149
music-hd-0027	Brahms' Last Symphony: Symphony No. 4 in E Minor, Op. 98, 1st		Public Domain	http://www.hdclassicalmusic.com/browse/?by=performer&id_performer=3
music-hd-0029	Brahms' Last Symphony: Symphony No. 4 in E Minor, Op. 98, 3rd Mvt		Public Domain	http://www.hdclassicalmusic.com/browse/?by=performer&id_performer=3
music-hd-0030	Brahms' Last Symphony: Symphony No. 4 in E Minor, Op. 98, 4th Mvt		Public Domain	http://www.hdclassicalmusic.com/browse/?by=performer&id_performer=3
music-hd-0024	Slavonic, String Quartet No. 10, 2nd Mvt. - elegant, sublime, Dvořák		Public Domain	http://www.hdclassicalmusic.com/browse/?by=performer&id_performer=5
music-hd-0025	Slavonic, String Quartet No. 10, 3rd Mvt. - passionate, emotional		Public Domain	http://www.hdclassicalmusic.com/browse/?by=performer&id_performer=5
music-hd-0034	String Quartet In D, Op. 645, H 363, Lark - Joseph Haydn		Public Domain	http://www.hdclassicalmusic.com/browse/?by=performer&id_performer=5
music-jamendo-0043	lensflares		Attribution 3.0 Unported (CC BY 3.0)	https://www.jamendo.com/en/list/a85814/male-magnetics
music-jamendo-0044	morphium drill		Attribution 3.0 Unported (CC BY 3.0)	https://www.jamendo.com/en/list/a85814/male-magnetics
music-jamendo-0046	male magnetics		Attribution 3.0 Unported (CC BY 3.0)	https://www.jamendo.com/en/list/a85814/male-magnetics
music-rfm-0058	"Hustle" (by Kevin MacLeod)	Kevin MacLeod	CC BY 3.0	
music-rfm-0144	"Whiskey on the Mississippi" (by Kevin MacLeod)	Kevin MacLeod	CC BY 3.0	
music-rfm-0089	"Nile's Blues" (by Kevin MacLeod)	Kevin MacLeod	CC BY 3.0	
music-rfm-0035	"Dirt Rhodes" (by Kevin MacLeod)	Kevin MacLeod	CC BY 3.0	
music-rfm-0032	"DD Groove" (by Kevin MacLeod)	Kevin MacLeod	CC BY 3.0	
music-rfm-0078	"Matt's Blues" (by Kevin MacLeod)	Kevin MacLeod	CC BY 3.0	
music-rfm-0099	"Porch Blues" (by Kevin MacLeod)	Kevin MacLeod	CC BY 3.0	
music-rfm-0001	"Airport Lounge" (by Kevin MacLeod)	Kevin MacLeod	CC BY 3.0	
music-rfm-0006	"Backed Vibes" (by Kevin MacLeod)	Kevin MacLeod	CC BY 3.0	
music-rfm-0008	"Bass Vibes" (by Kevin MacLeod)	Kevin MacLeod	CC BY 3.0	
music-rfm-0009	"Bass Walker" (by Kevin MacLeod)	Kevin MacLeod	CC BY 3.0	
music-rfm-0024	"Cool Vibes" (by Kevin MacLeod)	Kevin MacLeod	CC BY 3.0	
music-rfm-0025	"Corncob" (by Kevin MacLeod)	Kevin MacLeod	CC BY 3.0	
music-rfm-0026	"Covert Affair" (by Kevin MacLeod)	Kevin MacLeod	CC BY 3.0	
music-rfm-0031	"Dances and Dames" (by Kevin MacLeod)	Kevin MacLeod	CC BY 3.0	
music-rfm-0036	"Dispersion Relation" (by Kevin MacLeod)	Kevin MacLeod	CC BY 3.0	
music-rfm-0045	"Faster Does It" (by Kevin MacLeod)	Kevin MacLeod	CC BY 3.0	
music-rfm-0056	"Hot Swing" (by Kevin MacLeod)	Kevin MacLeod	CC BY 3.0	
music-rfm-0062	"I Knew a Guy" (by Kevin MacLeod)	Kevin MacLeod	CC BY 3.0	
music-rfm-0069	"Kool Kats" (by Kevin MacLeod)	Kevin MacLeod	CC BY 3.0	
music-rfm-0074	"Local Forecast" (by Kevin MacLeod)	Kevin MacLeod	CC BY 3.0	
music-rfm-0075	"Long Stroll" (by Kevin MacLeod)	Kevin MacLeod	CC BY 3.0	
music-rfm-0080	"Mining by Moonlight" (by Kevin MacLeod)	Kevin MacLeod	CC BY 3.0	
music-rfm-0092	"On the Ground" (by Kevin MacLeod)	Kevin MacLeod	CC BY 3.0	
music-rfm-0093	"Opportunity Walks" (by Kevin MacLeod)	Kevin MacLeod	CC BY 3.0	
music-rfm-0112	"Rollin at 5" (by Kevin MacLeod)	Kevin MacLeod	CC BY 3.0	
music-rfm-0118	"Sidewalk Shade" (by Kevin MacLeod)	Kevin MacLeod	CC BY 3.0	
music-rfm-0137	"Ultralounge" (by Kevin MacLeod)	Kevin MacLeod	CC BY 3.0	
music-rfm-0139	"Vegas Glitz" (by Kevin MacLeod)	Kevin MacLeod	CC BY 3.0	
music-rfm-0140	"Vibe Ace" (by Kevin MacLeod)	Kevin MacLeod	CC BY 3.0	
music-rfm-0000	"8bit Dungeon Boss" (by Kevin MacLeod)	Kevin MacLeod	CC BY 3.0	
music-rfm-0003	"Ambler" (by Kevin MacLeod)	Kevin MacLeod	CC BY 3.0	
music-rfm-0005	"Babylon" (by Kevin MacLeod)	Kevin MacLeod	CC BY 3.0	
music-rfm-0007	"Basement Floor" (by Kevin MacLeod)	Kevin MacLeod	CC BY 3.0	
music-rfm-0013	"Blipotron" (by Kevin MacLeod)	Kevin MacLeod	CC BY 3.0	
music-rfm-0014	"Blue Scorpion" (by Kevin MacLeod)	Kevin MacLeod	CC BY 3.0	
music-rfm-0017	"Cephalopod" (by Kevin MacLeod)	Kevin MacLeod	CC BY 3.0	
music-rfm-0018	"Chipper Doodle" (by Kevin MacLeod)	Kevin MacLeod	CC BY 3.0	
music-rfm-0019	"Cipher2" (by Kevin MacLeod)	Kevin MacLeod	CC BY 3.0	
music-rfm-0020	"Club Diver" (by Kevin MacLeod)	Kevin MacLeod	CC BY 3.0	
music-rfm-0027	"Cut and Dry" (by Kevin MacLeod)	Kevin MacLeod	CC BY 3.0	
music-rfm-0028	"Cut and Run" (by Kevin MacLeod)	Kevin MacLeod	CC BY 3.0	
music-rfm-0030	"Dance Monster" (by Kevin MacLeod)	Kevin MacLeod	CC BY 3.0	
music-rfm-0037	"Double O" (by Kevin MacLeod)	Kevin MacLeod	CC BY 3.0	
music-rfm-0038	"EDM Detection Mode" (by Kevin MacLeod)	Kevin MacLeod	CC BY 3.0	
music-rfm-0041	"Electro Sketch" (by Kevin MacLeod)	Kevin MacLeod	CC BY 3.0	
music-rfm-0040	"Electrodoodle" (by Kevin MacLeod)	Kevin MacLeod	CC BY 3.0	
music-rfm-0050	"Go Cart" (by Kevin MacLeod)	Kevin MacLeod	CC BY 3.0	
music-rfm-0052	"Half Bit" (by Kevin MacLeod)	Kevin MacLeod	CC BY 3.0	
music-rfm-0057	"How it Begins" (by Kevin MacLeod)	Kevin MacLeod	CC BY 3.0	
music-rfm-0059	"Hypnothis" (by Kevin MacLeod)	Kevin MacLeod	CC BY 3.0	
music-rfm-0060	"Ice Flow" (by Kevin MacLeod)	Kevin MacLeod	CC BY 3.0	
music-rfm-0064	"Itty Bitty 8 Bit" (by Kevin MacLeod)	Kevin MacLeod	CC BY 3.0	
music-rfm-0065	"Jaunty Gumption" (by Kevin MacLeod)	Kevin MacLeod	CC BY 3.0	
music-rfm-0066	"Kick Shock" (by Kevin MacLeod)	Kevin MacLeod	CC BY 3.0	
music-rfm-0067	"Killing Time" (by Kevin MacLeod)	Kevin MacLeod	CC BY 3.0	
music-rfm-0068	"Klockworx" (by Kevin MacLeod)	Kevin MacLeod	CC BY 3.0	
music-rfm-0071	"Latin Industries" (by Kevin MacLeod)	Kevin MacLeod	CC BY 3.0	
music-rfm-0072	"Level Up" (by Kevin MacLeod)	Kevin MacLeod	CC BY 3.0	
music-rfm-0073	"Lightless Dawn" (by Kevin MacLeod)	Kevin MacLeod	CC BY 3.0	
music-rfm-0076	"Long Time Coming" (by Kevin MacLeod)	Kevin MacLeod	CC BY 3.0	
music-rfm-0085	"MTA" (by Kevin MacLeod)	Kevin MacLeod	CC BY 3.0	
music-rfm-0079	"Mellowtron" (by Kevin MacLeod)	Kevin MacLeod	CC BY 3.0	
music-rfm-0081	"Misuse" (by Kevin MacLeod)	Kevin MacLeod	CC BY 3.0	
music-rfm-0084	"Move Forward" (by Kevin MacLeod)	Kevin MacLeod	CC BY 3.0	
music-rfm-0088	"New Friendly" (by Kevin MacLeod)	Kevin MacLeod	CC BY 3.0	
music-rfm-0094	"Ouroboros" (by Kevin MacLeod)	Kevin MacLeod	CC BY 3.0	
music-rfm-0095	"Pamgaea" (by Kevin MacLeod)	Kevin MacLeod	CC BY 3.0	
music-rfm-0096	"Phat Sketch" (by Kevin MacLeod)	Kevin MacLeod	CC BY 3.0	
music-rfm-0100	"Presenterator" (by Kevin MacLeod)	Kevin MacLeod	CC BY 3.0	
music-rfm-0102	"Pure Attitude" (by Kevin MacLeod)	Kevin MacLeod	CC BY 3.0	
music-rfm-0105	"Reformat" (by Kevin MacLeod)	Kevin MacLeod	CC BY 3.0	
music-rfm-0107	"Rhinoceros" (by Kevin MacLeod)	Kevin MacLeod	CC BY 3.0	
music-rfm-0109	"Rocket" (by Kevin MacLeod)	Kevin MacLeod	CC BY 3.0	
music-rfm-0114	"Secrets of the Schoolyard" (by Kevin MacLeod)	Kevin MacLeod	CC BY 3.0	
music-rfm-0115	"Severe Tire Damage" (by Kevin MacLeod)	Kevin MacLeod	CC BY 3.0	
music-rfm-0122	"Space Fighter Loop" (by Kevin MacLeod)	Kevin MacLeod	CC BY 3.0	
music-rfm-0123	"Spacial Harvest" (by Kevin MacLeod)	Kevin MacLeod	CC BY 3.0	
music-rfm-0125	"Sunflower Dance Party" (by Kevin MacLeod)	Kevin MacLeod	CC BY 3.0	
music-rfm-0126	"Super Friendly" (by Kevin MacLeod)	Kevin MacLeod	CC BY 3.0	
music-rfm-0132	"The Way Out" (by Kevin MacLeod)	Kevin MacLeod	CC BY 3.0	
music-rfm-0131	"Theme for Harold var 3" (by Kevin MacLeod)	Kevin MacLeod	CC BY 3.0	
music-rfm-0133	"Thinking Out Loud" (by Kevin MacLeod)	Kevin MacLeod	CC BY 3.0	
music-rfm-0134	"Tranquility" (by Kevin MacLeod)	Kevin MacLeod	CC BY 3.0	
music-rfm-0135	"Trips It" (by Kevin MacLeod)	Kevin MacLeod	CC BY 3.0	
music-rfm-0138	"Unwritten Return" (by Kevin MacLeod)	Kevin MacLeod	CC BY 3.0	
music-rfm-0141	"Video Dungeon Crawl" (by Kevin MacLeod)	Kevin MacLeod	CC BY 3.0	
music-rfm-0145	"Winter Reflections" (by Kevin MacLeod)	Kevin MacLeod	CC BY 3.0	
music-rfm-0002	"Aitech" (by Kevin MacLeod)	Kevin MacLeod	CC BY 3.0	
music-rfm-0012	"Big Rock" (by Kevin MacLeod)	Kevin MacLeod	CC BY 3.0	
music-rfm-0015	"Breakdown" (by Kevin MacLeod)	Kevin MacLeod	CC BY 3.0	
music-rfm-0023	"Cool Hard Facts" (by Kevin MacLeod)	Kevin MacLeod	CC BY 3.0	
music-rfm-0033	"Dead Drop" (by Kevin MacLeod)	Kevin MacLeod	CC BY 3.0	
music-rfm-0042	"El Magicia" (by Kevin MacLeod)	Kevin MacLeod	CC BY 3.0	
music-rfm-0043	"Exhilarate" (by Kevin MacLeod)	Kevin MacLeod	CC BY 3.0	
music-rfm-0046	"Feelin Good" (by Kevin MacLeod)	Kevin MacLeod	CC BY 3.0	
music-rfm-0048	"Gearhead" (by Kevin MacLeod)	Kevin MacLeod	CC BY 3.0	
music-rfm-0053	"Happy Bee" (by Kevin MacLeod)	Kevin MacLeod	CC BY 3.0	
music-rfm-0055	"Highlight Reel" (by Kevin MacLeod)	Kevin MacLeod	CC BY 3.0	
music-rfm-0061	"I Feel You" (by Kevin MacLeod)	Kevin MacLeod	CC BY 3.0	
music-rfm-0063	"Iron Bacon" (by Kevin MacLeod)	Kevin MacLeod	CC BY 3.0	
music-rfm-0070	"Last Kiss Goodnight" (by Kevin MacLeod)	Kevin MacLeod	CC BY 3.0	
music-rfm-0077	"Malt Shop Bop" (by Kevin MacLeod)	Kevin MacLeod	CC BY 3.0	
music-rfm-0082	"Motherlode" (by Kevin MacLeod)	Kevin MacLeod	CC BY 3.0	
music-rfm-0083	"Motivator" (by Kevin MacLeod)	Kevin MacLeod	CC BY 3.0	
music-rfm-0087	"Neo Western" (by Kevin MacLeod)	Kevin MacLeod	CC BY 3.0	
music-rfm-0086	"Neolith" (by Kevin MacLeod)	Kevin MacLeod	CC BY 3.0	
music-rfm-0097	"Pilot Error" (by Kevin MacLeod)	Kevin MacLeod	CC BY 3.0	
music-rfm-0101	"Pump Sting" (by Kevin MacLeod)	Kevin MacLeod	CC BY 3.0	
music-rfm-0103	"Raw" (by Kevin MacLeod)	Kevin MacLeod	CC BY 3.0	
music-rfm-0104	"Ready Aim Fire" (by Kevin MacLeod)	Kevin MacLeod	CC BY 3.0	
music-rfm-0108	"Riptide" (by Kevin MacLeod)	Kevin MacLeod	CC BY 3.0	
music-rfm-0111	"Rock Over London" (by Kevin MacLeod)	Kevin MacLeod	CC BY 3.0	
music-rfm-0110	"Rock on Chicago" (by Kevin MacLeod)	Kevin MacLeod	CC BY 3.0	
music-rfm-0113	"Sax Rock and Roll" (by Kevin MacLeod)	Kevin MacLeod	CC BY 3.0	
music-rfm-0121	"Sock Hop" (by Kevin MacLeod)	Kevin MacLeod	CC BY 3.0	
music-rfm-0127	"Surf Inspector" (by Kevin MacLeod)	Kevin MacLeod	CC BY 3.0	
music-rfm-0136	"Twisted" (by Kevin MacLeod)	Kevin MacLeod	CC BY 3.0	
music-rfm-0142	"Wah Game Loop" (by Kevin MacLeod)	Kevin MacLeod	CC BY 3.0	
music-rfm-0143	"Welcome to the Show" (by Kevin MacLeod)	Kevin MacLeod	CC BY 3.0	
music-rfm-0146	"Zap Beat" (by Kevin MacLeod)	Kevin MacLeod	CC BY 3.0	
noise-sound-bible-0003	Audience Applause	Matthiew11	Attribution 3.0	http://soundbible.com/2087-Audience-Applause.html
noise-sound-bible-0057	Piano Breaking	Brandondorf	Attribution 3.0	http://soundbible.com/2086-Piano-Breaking.html
noise-sound-bible-0045	Annoying Speaker Pulsing	Ethan Buck	Public Domain	http://soundbible.com/2085-Annoying-Speaker-Pulsing.html
noise-sound-bible-0049	Crickets Chirping At Night	Lisa Redfern	Public Domain	http://soundbible.com/2083-Crickets-Chirping-At-Night.html
noise-sound-bible-0035	Hammering	Lisa Redfern	Public Domain	http://soundbible.com/2082-Hammering.html
noise-sound-bible-0017	Coin Drop	Willem Hunt	Public Domain	http://soundbible.com/2081-Coin-Drop.html
noise-sound-bible-0034	Gun Battle Sound	ReamProductions	Attribution 3.0	http://soundbible.com/2078-Gun-Battle-Sound.html
noise-sound-bible-0065	RPG Plus Shrapnel	Mike Koenig	Attribution 3.0	http://soundbible.com/2075-RPG-Plus-Shrapnel.html
noise-sound-bible-0036	Helicopter Approach	Mike Koenig	Attribution 3.0	http://soundbible.com/2074-Helicopter-Approach.html
noise-sound-bible-0083	Winchester 1873 Single Shots	Grant Evans	Attribution 3.0	http://soundbible.com/2071-Winchester-1873-Single-Shots.html
noise-sound-bible-0060	Railroad Crossing Bell	Brylon Terry	Attribution 3.0	http://soundbible.com/2070-Railroad-Crossing-Bell.html
noise-sound-bible-0061	Rain Inside House	Mark DiAngelo	Attribution 3.0	http://soundbible.com/2065-Rain-Inside-House.html
noise-sound-bible-0018	UFO Landing	Sonidor	Attribution 3.0	http://soundbible.com/2063-UFO-Landing.html
noise-sound-bible-0048	Night Rain In Russian City	Alexander Tram	Attribution 3.0	http://soundbible.com/2059-Night-Rain-In-Russian-City.html
noise-sound-bible-0032	Footsteps On Cement	Tim Fryer	Public Domain	http://soundbible.com/2057-Footsteps-On-Cement.html
noise-sound-bible-0007	Missile Alert	BOMB SIREN	Attribution 3.0	http://soundbible.com/2056-Missile-Alert.html
noise-sound-bible-0078	Thunder Sound FX	Grant Evans	Attribution 3.0	http://soundbible.com/2053-Thunder-Sound-FX.html
noise-sound-bible-0054	Phone Ringing 8x	Mike Koenig	Attribution 3.0	http://soundbible.com/1869-Phone-Ringing-8x.html
noise-sound-bible-0025	Electrical Sweep	Sweeper	Public Domain	http://soundbible.com/1795-Electrical-Sweep.html
noise-sound-bible-0043	Modem	KP	Public Domain	http://soundbible.com/1701-Modem.html
noise-sound-bible-0039	DTMF Tones	KevanGC	Public Domain	http://soundbible.com/1573-DTMF-Tones.html
noise-sound-bible-0052	Phone Dialing With Dialtone	KevanGC	Public Domain	http://soundbible.com/1560-Phone-Dialing-With-Dialtone.html
noise-sound-bible-0055	Phone Ringing	acclivity	Attribution 3.0	http://soundbible.com/1518-Phone-Ringing.html
noise-sound-bible-0076	Telephone Ring	transitking	Attribution 3.0	http://soundbible.com/1411-Telephone-Ring.html
noise-sound-bible-0072	Skype Feedback	ezwa	Public Domain	http://soundbible.com/1349-Skype-Feedback.html
noise-sound-bible-0070	Short Dial Tone	Mike Koenig	Attribution 3.0	http://soundbible.com/1118-Short-Dial-Tone.html
noise-sound-bible-0053	Phone Off Hook	Mike Koenig	Attribution 3.0	http://soundbible.com/1091-Phone-Off-Hook.html
noise-sound-bible-0008	Busy Signal	Mike Koenig	Attribution 3.0	http://soundbible.com/1072-Busy-Signal.html
noise-sound-bible-0020	Dial Tone	Mike Koenig	Attribution 3.0	http://soundbible.com/1070-Dial-Tone.html
noise-sound-bible-0019	Dialing Phone Number	Mike Koenig	Attribution 3.0	http://soundbible.com/418-Dialing-Phone-Number.html
noise-sound-bible-0038	Home Phone Ringing	Mike Koenig	Attribution 3.0	http://soundbible.com/315-Home-Phone-Ringing.html
noise-sound-bible-0001	Answering Machine Beep	Mike Koenig	Attribution 3.0	http://soundbible.com/5-Answering-Machine-Beep.html
noise-sound-bible-0077	Temple Bell	Mike Koenig	Attribution 3.0	http://soundbible.com/1531-Temple-Bell.html
noise-sound-bible-0080	Triangle Dinner Bell	CowBoyTyrone	Attribution 3.0	http://soundbible.com/1525-Triangle-Dinner-Bell.html
noise-sound-bible-0075	Sunday Church Ambiance	lezer	Public Domain	http://soundbible.com/1264-Sunday-Church-Ambiance.html
noise-sound-bible-0009	Buzz Fade Out	Mike Koenig	Attribution 3.0	http://soundbible.com/1198-Buzz-Fade-Out.html
noise-sound-bible-0030	Fire Truck Siren	FiremanSam	Attribution 3.0	http://soundbible.com/1511-Fire-Truck-Siren.html
noise-sound-bible-0059	Police	TheCristi95	Public Domain	http://soundbible.com/1819-Police.html
noise-sound-bible-0015	City Ambiance	lezer	Public Domain	http://soundbible.com/1266-City-Ambiance.html
noise-sound-bible-0085	Woop Woop	Mike Koenig	Attribution 3.0	http://soundbible.com/1377-Woop-Woop.html
noise-sound-bible-0027	Falcon	Mark Mattingly	Attribution 3.0	http://soundbible.com/1974-Falcon.html
noise-sound-bible-0011	Canadian Geese Migration	Mike Koenig	Attribution 3.0	http://soundbible.com/1861-Canadian-Geese-Migration.html
noise-sound-bible-0041	Mallard Duck Quacking	Mike Koenig	Attribution 3.0	http://soundbible.com/1862-Mallard-Duck-Quacking.html
noise-sound-bible-0022	Dove	Mike Koenig	Attribution 3.0	http://soundbible.com/1850-Dove.html
noise-sound-bible-0082	Warbling Vireo	Mike Koenig	Attribution 3.0	http://soundbible.com/1846-Warbling-Vireo.html
noise-sound-bible-0012	Best Cardinal Bird	PsychoBird	Attribution 3.0	http://soundbible.com/1515-Best-Cardinal-Bird.html
noise-sound-bible-0047	Neighborhood Dogs Barking	Ca9	Attribution 3.0	http://soundbible.com/1514-Neighborhood-Dogs-Barking.html
noise-sound-bible-0033	Frying Chicken	Mike Koenig	Attribution 3.0	http://soundbible.com/1482-Frying-Chicken.html
noise-sound-bible-0084	Wind	Stilgar	Public Domain	http://soundbible.com/1247-Wind.html
noise-sound-bible-0014	Cicada	Mike Koenig	Attribution 3.0	http://soundbible.com/920-Cicada.html
noise-sound-bible-0040	Large Chains	Mike Koenig	Attribution 3.0	http://soundbible.com/1101-Large-Chains.html
noise-sound-bible-0028	Fax Machine	Mike Koenig	Attribution 3.0	http://soundbible.com/851-Fax-Machine.html
noise-sound-bible-0064	Rockslide Small	Sound Explorer	Attribution 3.0	http://soundbible.com/1987-Rockslide-Small.html
noise-sound-bible-0050	Page Turn	Mark DiAngelo	Attribution 3.0	http://soundbible.com/2066-Page-Turn.html
noise-sound-bible-0037	Hole Punch	Simon Craggs	Attribution 3.0	http://soundbible.com/1969-Hole-Punch.html
noise-sound-bible-0074	Stapling Paper	earthcalling	Public Domain	http://soundbible.com/1537-Stapling-Paper.html
noise-sound-bible-0005	Background Noise	Mike Koenig	Attribution 3.0	http://soundbible.com/531-Background-Noise.html
noise-sound-bible-0010	Buzz	KP	Attribution 3.0	http://soundbible.com/1581-Buzz.html
noise-sound-bible-0024	Eating	Caroline Ford	Attribution 3.0	http://soundbible.com/976-Eating.html
noise-sound-bible-0023	Eat Chips	Caroline Ford	Attribution 3.0	http://soundbible.com/912-Eat-Chips.html
noise-sound-bible-0081	Truck Idle And Pull Off	Mike Koenig	Attribution 3.0	http://soundbible.com/1116-Truck-Idle-And-Pull-Off.html
noise-sound-bible-0068	Sharpen Knife	J Bravo	Attribution 3.0	http://soundbible.com/2025-Sharpen-Knife.html
noise-sound-bible-0067	School Fire Alarm	Cullen Card	Attribution 3.0	http://soundbible.com/2022-School-Fire-Alarm.html
noise-sound-bible-0079	Thunder Strike 1	Mike Koenig	Attribution 3.0	http://soundbible.com/2015-Thunder-Strike-1.html
noise-sound-bible-0016	City Centre	Hopeinawe	Attribution 3.0	http://soundbible.com/2000-City-Centre.html
noise-sound-bible-0058	Pin Dropping	Brian Rocca	Attribution 3.0	http://soundbible.com/1992-Pin-Dropping.html
noise-sound-bible-0002	Apple Bite	Simon Craggs	Attribution 3.0	http://soundbible.com/1968-Apple-Bite.html
noise-sound-bible-0013	Cat Meow 2	Cat Stevens	Attribution 3.0	http://soundbible.com/1954-Cat-Meow-2.html
noise-sound-bible-0031	Football Crowd	GoGo	Attribution 3.0	http://soundbible.com/1882-Football-Crowd.html
noise-sound-bible-0004	Babbling Brook	stephan	Public Domain	http://soundbible.com/1776-Babbling-Brook.html
noise-sound-bible-0069	Shooting Star	Mike Koenig	Attribution 3.0	http://soundbible.com/1744-Shooting-Star.html
noise-sound-bible-0063	Record Player Static	Mike Koenig	Attribution 3.0	http://soundbible.com/1674-Record-Player-Static.html
noise-sound-bible-0021	Dishwasher	stephan	Public Domain	http://soundbible.com/1667-Dishwasher.html
